药品名称,厂家,RMSE,MAE,SMAPE,R²,Best_Params
w3鱼油脂肪乳注射液,华瑞,370.64452845762264,254.79513253106012,29.20646377008877,0.021821280518109387,"{'n_estimators': 200, 'learning_rate': 0.01, 'max_depth': 3, 'subsample': 0.8, 'colsample_bytree': 0.8, 'random_state': 42, 'objective': 'reg:squarederror'}"
一次性使用注射笔用针头,苏碧迪,6689.40213519401,4872.508311377631,45.64049580280176,0.5284454283270543,"{'n_estimators': 300, 'learning_rate': 0.1, 'max_depth': 7, 'subsample': 0.8, 'colsample_bytree': 0.8, 'random_state': 42, 'objective': 'reg:squarederror'}"
一清胶囊,成都康弘,1023.7694828957985,775.3198466830784,35.568704310821175,0.4872023637348514,"{'n_estimators': 300, 'learning_rate': 0.01, 'max_depth': 5, 'subsample': 0.8, 'colsample_bytree': 1.0, 'random_state': 42, 'objective': 'reg:squarederror'}"
丁硼乳膏,宁波立华,215.06959671996125,162.34245851304797,31.880988283164413,-0.13457167260561853,"{'n_estimators': 100, 'learning_rate': 0.01, 'max_depth': 3, 'subsample': 0.8, 'colsample_bytree': 0.8, 'random_state': 42, 'objective': 'reg:squarederror'}"
丁苯酞氯化钠注射液,石药恩必普,375.1780866401243,226.70621600415973,56.620224854211486,0.8220060546354855,"{'n_estimators': 300, 'learning_rate': 0.05, 'max_depth': 7, 'subsample': 1.0, 'colsample_bytree': 1.0, 'random_state': 42, 'objective': 'reg:squarederror'}"
丁苯酞软胶囊,石药恩必普,444.7108348558397,328.1783003404405,25.519913695942524,0.5343021567605141,"{'n_estimators': 100, 'learning_rate': 0.05, 'max_depth': 3, 'subsample': 1.0, 'colsample_bytree': 0.8, 'random_state': 42, 'objective': 'reg:squarederror'}"
丁酸氢化可的松乳膏,津太平洋,98.36795316430954,73.08218970665565,29.466332959382953,-0.09964023104367947,"{'n_estimators': 100, 'learning_rate': 0.01, 'max_depth': 3, 'subsample': 0.8, 'colsample_bytree': 0.8, 'random_state': 42, 'objective': 'reg:squarederror'}"
七叶洋地黄双苷滴眼液,德国施图伦,4219.354537119417,3050.0264553493926,27.81780475282199,0.29217753397388946,"{'n_estimators': 100, 'learning_rate': 0.1, 'max_depth': 5, 'subsample': 1.0, 'colsample_bytree': 0.8, 'random_state': 42, 'objective': 'reg:squarederror'}"
丙戊酸钠片,鲁仁和堂,83.95940105852522,64.59238304282134,65.10525179417927,0.2837622298698753,"{'n_estimators': 200, 'learning_rate': 0.01, 'max_depth': 7, 'subsample': 1.0, 'colsample_bytree': 0.8, 'random_state': 42, 'objective': 'reg:squarederror'}"
丙氨酰谷氨酰胺注射液,华瑞,422.2950763206903,319.75097974141437,52.406891191831306,0.4732775645705174,"{'n_estimators': 300, 'learning_rate': 0.01, 'max_depth': 3, 'subsample': 1.0, 'colsample_bytree': 1.0, 'random_state': 42, 'objective': 'reg:squarederror'}"
丙氨酰谷氨酰胺注射液,哈三联,150.91176833621915,123.67960654364691,78.58787817322398,0.011299567333136973,"{'n_estimators': 100, 'learning_rate': 0.01, 'max_depth': 5, 'subsample': 0.8, 'colsample_bytree': 0.8, 'random_state': 42, 'objective': 'reg:squarederror'}"
丙泊酚中_长链脂肪乳注射液,费森,567.979330183113,432.71853722466363,62.62170157239208,0.5501784586055944,"{'n_estimators': 100, 'learning_rate': 0.05, 'max_depth': 3, 'subsample': 0.8, 'colsample_bytree': 0.8, 'random_state': 42, 'objective': 'reg:squarederror'}"
中_长链脂肪乳注射液[C624],华瑞,432.8348948744865,327.4785279168023,36.610719156025816,0.5957684377096351,"{'n_estimators': 300, 'learning_rate': 0.01, 'max_depth': 3, 'subsample': 0.8, 'colsample_bytree': 0.8, 'random_state': 42, 'objective': 'reg:squarederror'}"
丹参,统货,17.459721960819873,13.26922736190086,50.11401382729916,0.4022131035391898,"{'n_estimators': 100, 'learning_rate': 0.1, 'max_depth': 3, 'subsample': 0.8, 'colsample_bytree': 0.8, 'random_state': 42, 'objective': 'reg:squarederror'}"
乙磺酸尼达尼布软胶囊,勃林格殷格翰,22.209451930724267,14.870587365380649,58.14773115940307,-0.06253157899510464,"{'n_estimators': 100, 'learning_rate': 0.01, 'max_depth': 7, 'subsample': 1.0, 'colsample_bytree': 0.8, 'random_state': 42, 'objective': 'reg:squarederror'}"
二甲硅油乳剂,四川健能,1225.9659657922987,950.4412487399194,25.658246501220212,-0.11586416962631274,"{'n_estimators': 200, 'learning_rate': 0.01, 'max_depth': 3, 'subsample': 1.0, 'colsample_bytree': 1.0, 'random_state': 42, 'objective': 'reg:squarederror'}"
二硫化硒洗剂,苏迪赛诺,253.3371740279228,208.11439895629883,53.57672909158278,0.2023452304251513,"{'n_estimators': 300, 'learning_rate': 0.01, 'max_depth': 3, 'subsample': 0.8, 'colsample_bytree': 1.0, 'random_state': 42, 'objective': 'reg:squarederror'}"
二羟丙茶碱注射液,沪信谊金朱,194.55069208014095,151.6943939526876,73.46829126176505,0.2643202787184499,"{'n_estimators': 200, 'learning_rate': 0.01, 'max_depth': 3, 'subsample': 0.8, 'colsample_bytree': 0.8, 'random_state': 42, 'objective': 'reg:squarederror'}"
云南白药气雾剂,云南白药,70.76748761533312,49.79970302184423,74.95482814906836,0.41990475874480004,"{'n_estimators': 300, 'learning_rate': 0.01, 'max_depth': 7, 'subsample': 0.8, 'colsample_bytree': 0.8, 'random_state': 42, 'objective': 'reg:squarederror'}"
人凝血因子8,华兰,418.23263506223464,295.7909012039502,57.28853649487381,-0.07503267711338668,"{'n_estimators': 100, 'learning_rate': 0.01, 'max_depth': 3, 'subsample': 0.8, 'colsample_bytree': 0.8, 'random_state': 42, 'objective': 'reg:squarederror'}"
人白介素2注射液,京四环,693.0564161874913,448.7987301848656,48.340795758639814,0.34933759086539984,"{'n_estimators': 100, 'learning_rate': 0.05, 'max_depth': 5, 'subsample': 0.8, 'colsample_bytree': 1.0, 'random_state': 42, 'objective': 'reg:squarederror'}"
人血白蛋白,同路生物,1770.4113386606966,1316.7545759412978,70.9178668864086,0.039802066784492274,"{'n_estimators': 100, 'learning_rate': 0.01, 'max_depth': 3, 'subsample': 0.8, 'colsample_bytree': 1.0, 'random_state': 42, 'objective': 'reg:squarederror'}"
人血白蛋白,百特,2800.170028880578,1938.1839179992676,30.67452711998422,0.09540089164949983,"{'n_estimators': 300, 'learning_rate': 0.05, 'max_depth': 3, 'subsample': 1.0, 'colsample_bytree': 0.8, 'random_state': 42, 'objective': 'reg:squarederror'}"
他克莫司滴眼液,日本千寿,16.603706554185827,12.007626215616861,54.869594943044376,0.09123792984612389,"{'n_estimators': 100, 'learning_rate': 0.01, 'max_depth': 5, 'subsample': 1.0, 'colsample_bytree': 1.0, 'random_state': 42, 'objective': 'reg:squarederror'}"
他克莫司胶囊[普乐可复],爱尔兰,267.97896347393817,199.51650661892361,20.612994166902805,0.2276834207795826,"{'n_estimators': 100, 'learning_rate': 0.01, 'max_depth': 5, 'subsample': 1.0, 'colsample_bytree': 1.0, 'random_state': 42, 'objective': 'reg:squarederror'}"
他达拉非片,苏天士力,206.86311902047854,170.0677823153409,34.77399398193708,0.02831246755432837,"{'n_estimators': 100, 'learning_rate': 0.01, 'max_depth': 3, 'subsample': 1.0, 'colsample_bytree': 1.0, 'random_state': 42, 'objective': 'reg:squarederror'}"
仙鹤草,统货,4.068673795698665,3.1525334313858386,29.286259710491237,0.38460447069075143,"{'n_estimators': 300, 'learning_rate': 0.01, 'max_depth': 3, 'subsample': 1.0, 'colsample_bytree': 0.8, 'random_state': 42, 'objective': 'reg:squarederror'}"
低分子肝素钠注射液,意大利,4655.871849946233,3658.352622350057,62.74634819932907,0.6820422125224568,"{'n_estimators': 100, 'learning_rate': 0.05, 'max_depth': 5, 'subsample': 1.0, 'colsample_bytree': 0.8, 'random_state': 42, 'objective': 'reg:squarederror'}"
依巴斯汀片,西班牙艾美,801.7115371087823,629.5918473137749,51.16757371840358,0.7397261290353072,"{'n_estimators': 100, 'learning_rate': 0.05, 'max_depth': 3, 'subsample': 0.8, 'colsample_bytree': 0.8, 'random_state': 42, 'objective': 'reg:squarederror'}"
依帕司他片,南京海陵,2221.8778844550743,1401.1774291992188,30.811624332544067,0.3036520501274945,"{'n_estimators': 200, 'learning_rate': 0.01, 'max_depth': 3, 'subsample': 0.8, 'colsample_bytree': 0.8, 'random_state': 42, 'objective': 'reg:squarederror'}"
依托咪酯乳状注射液,江苏恩华,1849.2474109559953,1484.155982123481,31.710523237954863,0.052554021829651965,"{'n_estimators': 200, 'learning_rate': 0.01, 'max_depth': 3, 'subsample': 0.8, 'colsample_bytree': 0.8, 'random_state': 42, 'objective': 'reg:squarederror'}"
依托度酸缓释片,双鹭,815.9312058549418,564.9669850667318,28.220436920336606,0.5175251153335783,"{'n_estimators': 300, 'learning_rate': 0.1, 'max_depth': 5, 'subsample': 0.8, 'colsample_bytree': 1.0, 'random_state': 42, 'objective': 'reg:squarederror'}"
依西美坦片,辉瑞,91.2483263723751,50.05903090371026,30.806675469453115,0.6401763981449236,"{'n_estimators': 300, 'learning_rate': 0.01, 'max_depth': 3, 'subsample': 0.8, 'colsample_bytree': 0.8, 'random_state': 42, 'objective': 'reg:squarederror'}"
依诺肝素钠注射液,赛诺菲,3715.3071765289415,2613.91185675727,38.05153621821702,0.45224364623317503,"{'n_estimators': 300, 'learning_rate': 0.01, 'max_depth': 7, 'subsample': 0.8, 'colsample_bytree': 0.8, 'random_state': 42, 'objective': 'reg:squarederror'}"
依那西普注射液,辉瑞,220.15882299806233,155.8271379314485,26.216858402747278,0.5982715068562946,"{'n_estimators': 100, 'learning_rate': 0.1, 'max_depth': 3, 'subsample': 0.8, 'colsample_bytree': 0.8, 'random_state': 42, 'objective': 'reg:squarederror'}"
保妇康栓,海南碧凯,564.4661633834631,439.7170122332043,45.67036390859911,0.46193444393990013,"{'n_estimators': 100, 'learning_rate': 0.05, 'max_depth': 3, 'subsample': 0.8, 'colsample_bytree': 1.0, 'random_state': 42, 'objective': 'reg:squarederror'}"
信迪利单抗注射液,信达生物,45.43945921525377,33.747920996612976,,0.7216558942513831,"{'n_estimators': 300, 'learning_rate': 0.05, 'max_depth': 7, 'subsample': 1.0, 'colsample_bytree': 0.8, 'random_state': 42, 'objective': 'reg:squarederror'}"
克林霉素磷酸酯凝胶,鲁方明,347.5559367941196,268.52655707465277,33.11100170693352,0.3633230792535673,"{'n_estimators': 100, 'learning_rate': 0.05, 'max_depth': 3, 'subsample': 0.8, 'colsample_bytree': 1.0, 'random_state': 42, 'objective': 'reg:squarederror'}"
克痤隐酮凝胶,合肥立方,332.41353858638735,266.29550806681317,48.82139705399397,0.08017932096760427,"{'n_estimators': 100, 'learning_rate': 0.01, 'max_depth': 7, 'subsample': 0.8, 'colsample_bytree': 0.8, 'random_state': 42, 'objective': 'reg:squarederror'}"
党参,统货,29.702371952953172,23.139018569990643,63.71105457069935,0.4468587906085104,"{'n_estimators': 100, 'learning_rate': 0.05, 'max_depth': 5, 'subsample': 0.8, 'colsample_bytree': 0.8, 'random_state': 42, 'objective': 'reg:squarederror'}"
八珍颗粒,宁波立华,403.5352320385939,307.6614056693183,72.6336787302006,0.5190560165845883,"{'n_estimators': 100, 'learning_rate': 0.1, 'max_depth': 7, 'subsample': 0.8, 'colsample_bytree': 0.8, 'random_state': 42, 'objective': 'reg:squarederror'}"
养心氏片,青岛国风,526.534763370204,374.84021335177954,34.56586281464217,0.25291636252794314,"{'n_estimators': 200, 'learning_rate': 0.05, 'max_depth': 5, 'subsample': 0.8, 'colsample_bytree': 1.0, 'random_state': 42, 'objective': 'reg:squarederror'}"
养血清脑颗粒,津天士力,404.30957673060584,284.4977912902832,48.49856641257436,0.5005250042036162,"{'n_estimators': 300, 'learning_rate': 0.01, 'max_depth': 3, 'subsample': 1.0, 'colsample_bytree': 0.8, 'random_state': 42, 'objective': 'reg:squarederror'}"
冻干人凝血因子8,绿十字中国,322.04540951961013,223.01629625426398,97.55109414210972,0.0715831494356739,"{'n_estimators': 100, 'learning_rate': 0.05, 'max_depth': 3, 'subsample': 0.8, 'colsample_bytree': 1.0, 'random_state': 42, 'objective': 'reg:squarederror'}"
利伐沙班片,德国拜耳,746.1596093123627,528.6076397365994,39.20118493448824,0.3396445172615258,"{'n_estimators': 200, 'learning_rate': 0.01, 'max_depth': 3, 'subsample': 0.8, 'colsample_bytree': 0.8, 'random_state': 42, 'objective': 'reg:squarederror'}"
利可君片,苏吉贝尔,495.6498758225107,351.2029257880317,35.012437730317885,0.06338562416341065,"{'n_estimators': 100, 'learning_rate': 0.01, 'max_depth': 3, 'subsample': 0.8, 'colsample_bytree': 1.0, 'random_state': 42, 'objective': 'reg:squarederror'}"
利奈唑胺葡萄糖注射液,费森尤斯,165.22652302833262,126.18134636349149,61.92544061885022,0.5432267028468187,"{'n_estimators': 200, 'learning_rate': 0.01, 'max_depth': 3, 'subsample': 0.8, 'colsample_bytree': 0.8, 'random_state': 42, 'objective': 'reg:squarederror'}"
利妥昔单抗注射液,沪复宏汉霖,130.4198841607736,104.12934425549629,28.224609358689335,0.09672463557714384,"{'n_estimators': 300, 'learning_rate': 0.1, 'max_depth': 3, 'subsample': 0.8, 'colsample_bytree': 0.8, 'random_state': 42, 'objective': 'reg:squarederror'}"
利巴韦林气雾剂,沪信谊总厂,1776.0848251149052,1209.2823588053386,55.13703164350251,0.0618855373516396,"{'n_estimators': 100, 'learning_rate': 0.01, 'max_depth': 3, 'subsample': 0.8, 'colsample_bytree': 0.8, 'random_state': 42, 'objective': 'reg:squarederror'}"
利拉鲁肽注射液,诺和诺德,122.85687729241808,81.79318953962887,44.91599275078988,0.4289301096081568,"{'n_estimators': 100, 'learning_rate': 0.05, 'max_depth': 3, 'subsample': 0.8, 'colsample_bytree': 0.8, 'random_state': 42, 'objective': 'reg:squarederror'}"
利格列汀片,勃林格殷格翰,1620.1586403238412,1164.6237967354912,29.155772412392132,0.28702746963355086,"{'n_estimators': 300, 'learning_rate': 0.01, 'max_depth': 3, 'subsample': 1.0, 'colsample_bytree': 1.0, 'random_state': 42, 'objective': 'reg:squarederror'}"
制五味子,统货,9.437305108585413,7.216112218901168,48.20883049385431,0.09341636050939894,"{'n_estimators': 200, 'learning_rate': 0.01, 'max_depth': 3, 'subsample': 0.8, 'colsample_bytree': 0.8, 'random_state': 42, 'objective': 'reg:squarederror'}"
制香附,统货,9.701968320315967,7.466601793156114,41.16157634159592,0.16763263415364094,"{'n_estimators': 200, 'learning_rate': 0.01, 'max_depth': 3, 'subsample': 0.8, 'colsample_bytree': 0.8, 'random_state': 42, 'objective': 'reg:squarederror'}"
北沙参,统货,4.894293565456144,3.6373511935389318,72.70404955633401,0.3407940914640307,"{'n_estimators': 100, 'learning_rate': 0.05, 'max_depth': 3, 'subsample': 0.8, 'colsample_bytree': 0.8, 'random_state': 42, 'objective': 'reg:squarederror'}"
华蟾素片,皖金蟾生化,550.5281087334795,394.8842224544949,51.575550275947315,0.25904238533437707,"{'n_estimators': 300, 'learning_rate': 0.01, 'max_depth': 7, 'subsample': 0.8, 'colsample_bytree': 0.8, 'random_state': 42, 'objective': 'reg:squarederror'}"
单硝酸异山梨酯缓释片,锡阿斯利康,676.0623596893837,470.2141344282362,41.681868752086686,0.43272317776651226,"{'n_estimators': 100, 'learning_rate': 0.05, 'max_depth': 3, 'subsample': 0.8, 'colsample_bytree': 0.8, 'random_state': 42, 'objective': 'reg:squarederror'}"
单硝酸异山梨酯缓释片,齐鲁制药,1080.6505504172235,824.6405968299279,88.05113690072477,0.017196405960084538,"{'n_estimators': 100, 'learning_rate': 0.01, 'max_depth': 5, 'subsample': 0.8, 'colsample_bytree': 0.8, 'random_state': 42, 'objective': 'reg:squarederror'}"
卡前列素氨丁三醇注射液,常州四药,113.52714307103012,76.36617501576741,57.65657009407389,0.1656470109174858,"{'n_estimators': 200, 'learning_rate': 0.01, 'max_depth': 3, 'subsample': 0.8, 'colsample_bytree': 0.8, 'random_state': 42, 'objective': 'reg:squarederror'}"
卡前列素氨丁三醇注射液,辉瑞公司,83.02697256666518,66.72660885916815,71.3282841295006,0.09695034100284039,"{'n_estimators': 100, 'learning_rate': 0.01, 'max_depth': 3, 'subsample': 0.8, 'colsample_bytree': 0.8, 'random_state': 42, 'objective': 'reg:squarederror'}"
卡培他滨片,江苏恒瑞,679.491675743279,471.51412285698785,30.362991492132124,0.17163384237570933,"{'n_estimators': 100, 'learning_rate': 0.01, 'max_depth': 5, 'subsample': 1.0, 'colsample_bytree': 0.8, 'random_state': 42, 'objective': 'reg:squarederror'}"
卡培他滨片,沪罗氏,433.4975985958308,366.73337660895453,111.27444312396742,0.2175956996999595,"{'n_estimators': 100, 'learning_rate': 0.01, 'max_depth': 3, 'subsample': 0.8, 'colsample_bytree': 0.8, 'random_state': 42, 'objective': 'reg:squarederror'}"
卤米松_三氯生乳膏,瑞士,387.44621200346785,308.1262376573351,32.606105333461294,0.5284819554661196,"{'n_estimators': 100, 'learning_rate': 0.05, 'max_depth': 3, 'subsample': 0.8, 'colsample_bytree': 0.8, 'random_state': 42, 'objective': 'reg:squarederror'}"
厄多司坦胶囊,浙康乐药业,683.5740706794021,524.7888624403212,47.30057649069679,0.3218511372049194,"{'n_estimators': 200, 'learning_rate': 0.01, 'max_depth': 3, 'subsample': 1.0, 'colsample_bytree': 0.8, 'random_state': 42, 'objective': 'reg:squarederror'}"
厄贝沙坦氢氯噻嗪片,杭州赛诺菲,655.3994103676259,531.3257132636177,62.11111999131996,0.3370665573319097,"{'n_estimators': 300, 'learning_rate': 0.01, 'max_depth': 3, 'subsample': 0.8, 'colsample_bytree': 1.0, 'random_state': 42, 'objective': 'reg:squarederror'}"
厄贝沙坦片,赛诺菲,795.1966623430568,587.506020863851,50.104994610496114,0.5140478378971436,"{'n_estimators': 100, 'learning_rate': 0.1, 'max_depth': 5, 'subsample': 0.8, 'colsample_bytree': 1.0, 'random_state': 42, 'objective': 'reg:squarederror'}"
参芎葡萄糖注射液,通化天实,397.146135832383,293.5715897878011,60.57703129647314,-0.33098388557345615,"{'n_estimators': 300, 'learning_rate': 0.01, 'max_depth': 3, 'subsample': 0.8, 'colsample_bytree': 0.8, 'random_state': 42, 'objective': 'reg:squarederror'}"
参麦注射液,浙正大青春,515.5106737121711,358.6685667037964,32.845096266912854,0.6563347349079314,"{'n_estimators': 300, 'learning_rate': 0.01, 'max_depth': 3, 'subsample': 1.0, 'colsample_bytree': 0.8, 'random_state': 42, 'objective': 'reg:squarederror'}"
双歧杆菌三联活菌胶囊,申信谊,1448.8206172587286,1132.5038625929092,36.15393805287115,0.3619315519001778,"{'n_estimators': 300, 'learning_rate': 0.01, 'max_depth': 3, 'subsample': 0.8, 'colsample_bytree': 0.8, 'random_state': 42, 'objective': 'reg:squarederror'}"
双环醇片,京协和,1438.9071140078252,1089.399287753635,35.01292621131287,0.3998621871279595,"{'n_estimators': 100, 'learning_rate': 0.1, 'max_depth': 7, 'subsample': 0.8, 'colsample_bytree': 0.8, 'random_state': 42, 'objective': 'reg:squarederror'}"
右旋酮洛芬氨丁三醇片,湖北安联,569.5886151749693,407.24800448947485,29.197387957546717,0.4564777765863349,"{'n_estimators': 200, 'learning_rate': 0.01, 'max_depth': 5, 'subsample': 1.0, 'colsample_bytree': 0.8, 'random_state': 42, 'objective': 'reg:squarederror'}"
合欢皮,统货,11.278591453146154,8.267055424701335,62.07540664997456,0.5692198160825165,"{'n_estimators': 200, 'learning_rate': 0.05, 'max_depth': 7, 'subsample': 1.0, 'colsample_bytree': 1.0, 'random_state': 42, 'objective': 'reg:squarederror'}"
吗替麦考酚酯分散片,中美华东,800.0150683929012,553.7365903642443,55.83370379095788,0.6870550398595172,"{'n_estimators': 300, 'learning_rate': 0.01, 'max_depth': 5, 'subsample': 0.8, 'colsample_bytree': 1.0, 'random_state': 42, 'objective': 'reg:squarederror'}"
吸入用异丙托溴铵溶液,勃林格殷格翰,7781.189378672039,4861.251310984294,60.59280405486825,0.658687886029721,"{'n_estimators': 100, 'learning_rate': 0.05, 'max_depth': 3, 'subsample': 1.0, 'colsample_bytree': 0.8, 'random_state': 42, 'objective': 'reg:squarederror'}"
吸入用硫酸沙丁胺醇溶液,苏州弘森,1139.1526469503247,763.1516666412354,78.65550496070435,-0.14135054200506203,"{'n_estimators': 100, 'learning_rate': 0.01, 'max_depth': 7, 'subsample': 0.8, 'colsample_bytree': 0.8, 'random_state': 42, 'objective': 'reg:squarederror'}"
哈西奈德溶液,辰欣佛都,338.8767729096959,262.04255453745526,63.723651768405354,0.28505374447031406,"{'n_estimators': 200, 'learning_rate': 0.01, 'max_depth': 7, 'subsample': 0.8, 'colsample_bytree': 0.8, 'random_state': 42, 'objective': 'reg:squarederror'}"
哌柏西利胶囊,德国辉瑞,7.12690176745274,5.214718409946987,32.53846431477197,-0.03462325182855208,"{'n_estimators': 100, 'learning_rate': 0.01, 'max_depth': 5, 'subsample': 0.8, 'colsample_bytree': 0.8, 'random_state': 42, 'objective': 'reg:squarederror'}"
噻托溴铵吸入喷雾剂,勃林格殷格翰,32.54794346660571,24.53185254474019,49.37218361143623,0.21811166390265746,"{'n_estimators': 200, 'learning_rate': 0.01, 'max_depth': 5, 'subsample': 0.8, 'colsample_bytree': 0.8, 'random_state': 42, 'objective': 'reg:squarederror'}"
回生口服液,四川天府,233.7763265811932,187.4586770799425,45.53125392652515,0.16154213007221818,"{'n_estimators': 200, 'learning_rate': 0.01, 'max_depth': 3, 'subsample': 0.8, 'colsample_bytree': 0.8, 'random_state': 42, 'objective': 'reg:squarederror'}"
固肾安胎丸,京勃然制药,1352.816055906238,1068.1561385444973,24.159255930399095,-0.15879003188716645,"{'n_estimators': 100, 'learning_rate': 0.01, 'max_depth': 3, 'subsample': 0.8, 'colsample_bytree': 0.8, 'random_state': 42, 'objective': 'reg:squarederror'}"
地佐辛注射液,扬子江药业,2301.9481891067176,1651.9793489244248,44.77573426039616,0.46085213232598754,"{'n_estimators': 200, 'learning_rate': 0.1, 'max_depth': 3, 'subsample': 0.8, 'colsample_bytree': 0.8, 'random_state': 42, 'objective': 'reg:squarederror'}"
地塞米松磷酸钠注射液,鲁抗辰欣,489.7291082481907,360.0580250634087,47.023471571313614,0.41486238834741296,"{'n_estimators': 300, 'learning_rate': 0.1, 'max_depth': 3, 'subsample': 1.0, 'colsample_bytree': 0.8, 'random_state': 42, 'objective': 'reg:squarederror'}"
地奥心血康软胶囊,成都地奥,526.397733315362,398.33547507392035,41.2374659615731,0.45245784130806244,"{'n_estimators': 100, 'learning_rate': 0.05, 'max_depth': 7, 'subsample': 0.8, 'colsample_bytree': 0.8, 'random_state': 42, 'objective': 'reg:squarederror'}"
地拉罗司分散片,诺华,66.79886160906167,58.44727861313593,59.29792174998428,0.029473881315273953,"{'n_estimators': 200, 'learning_rate': 0.01, 'max_depth': 3, 'subsample': 0.8, 'colsample_bytree': 0.8, 'random_state': 42, 'objective': 'reg:squarederror'}"
地榆升白片,成都地奥天府,425.5735457087281,329.1959819793701,53.371011181623295,0.20565054473739286,"{'n_estimators': 200, 'learning_rate': 0.1, 'max_depth': 3, 'subsample': 0.8, 'colsample_bytree': 0.8, 'random_state': 42, 'objective': 'reg:squarederror'}"
垂体后叶注射液,安徽宏业,362.2333501093132,265.53390006131906,42.45157290204997,-0.3573536459297093,"{'n_estimators': 100, 'learning_rate': 0.01, 'max_depth': 3, 'subsample': 1.0, 'colsample_bytree': 0.8, 'random_state': 42, 'objective': 'reg:squarederror'}"
培哚普利叔丁胺片,天津施维雅,146.66324482142147,98.98321225908067,59.1222611768914,0.6152367955141979,"{'n_estimators': 300, 'learning_rate': 0.01, 'max_depth': 3, 'subsample': 0.8, 'colsample_bytree': 1.0, 'random_state': 42, 'objective': 'reg:squarederror'}"
培唑帕尼片,葛兰素,13.717972308002466,10.559908534659714,37.240993475537636,0.013699386511437539,"{'n_estimators': 300, 'learning_rate': 0.01, 'max_depth': 3, 'subsample': 0.8, 'colsample_bytree': 1.0, 'random_state': 42, 'objective': 'reg:squarederror'}"
培门冬酶注射液,苏恒瑞医药,5.221920265541146,4.013303882545895,68.62288621035198,-0.25302177308093565,"{'n_estimators': 100, 'learning_rate': 0.01, 'max_depth': 3, 'subsample': 1.0, 'colsample_bytree': 0.8, 'random_state': 42, 'objective': 'reg:squarederror'}"
塞来昔布胶囊,辉瑞制药,1197.2595110371788,758.0623882744047,57.31584054856421,0.744103038430058,"{'n_estimators': 200, 'learning_rate': 0.1, 'max_depth': 3, 'subsample': 0.8, 'colsample_bytree': 1.0, 'random_state': 42, 'objective': 'reg:squarederror'}"
塞来昔布胶囊,青岛百洋,1156.6821652776068,990.5522691881334,26.46930345721677,-0.08033010604400848,"{'n_estimators': 200, 'learning_rate': 0.01, 'max_depth': 7, 'subsample': 0.8, 'colsample_bytree': 1.0, 'random_state': 42, 'objective': 'reg:squarederror'}"
复合磷酸氢钾注射液,津金耀,575.1112834128293,401.03683249817954,63.24301856200092,0.5779034325709915,"{'n_estimators': 100, 'learning_rate': 0.1, 'max_depth': 7, 'subsample': 0.8, 'colsample_bytree': 0.8, 'random_state': 42, 'objective': 'reg:squarederror'}"
复方a酮酸片,京费森尤斯,497.4653444121725,374.1498718261719,27.103478479446114,0.1630122632146298,"{'n_estimators': 300, 'learning_rate': 0.01, 'max_depth': 3, 'subsample': 0.8, 'colsample_bytree': 0.8, 'random_state': 42, 'objective': 'reg:squarederror'}"
复方丹参滴丸,津天士力,1543.5392865602735,1117.4854176839192,39.578610556051814,0.3234490210156882,"{'n_estimators': 300, 'learning_rate': 0.01, 'max_depth': 3, 'subsample': 0.8, 'colsample_bytree': 0.8, 'random_state': 42, 'objective': 'reg:squarederror'}"
复方倍他米松注射液,杭州默沙东,417.2378054609337,296.01982466379803,,0.5085497159446388,"{'n_estimators': 300, 'learning_rate': 0.05, 'max_depth': 3, 'subsample': 0.8, 'colsample_bytree': 0.8, 'random_state': 42, 'objective': 'reg:squarederror'}"
复方南星止痛膏,苏康缘,291.9987475017096,217.71014987097846,72.89871997120893,0.180161753773303,"{'n_estimators': 200, 'learning_rate': 0.05, 'max_depth': 3, 'subsample': 0.8, 'colsample_bytree': 0.8, 'random_state': 42, 'objective': 'reg:squarederror'}"
复方托吡卡胺滴眼液,日本参天,213.80099256394698,163.2060982386271,69.40039263756897,0.0623801505982573,"{'n_estimators': 200, 'learning_rate': 0.01, 'max_depth': 7, 'subsample': 0.8, 'colsample_bytree': 0.8, 'random_state': 42, 'objective': 'reg:squarederror'}"
复方氨基酸注射液[18AA2],华瑞,1247.404027220905,869.7967687182957,45.80163805200852,0.7167968189125842,"{'n_estimators': 300, 'learning_rate': 0.05, 'max_depth': 7, 'subsample': 0.8, 'colsample_bytree': 1.0, 'random_state': 42, 'objective': 'reg:squarederror'}"
复方氨基酸注射液[9AA],皖丰原,496.9583187490614,391.9301122029622,39.464267470693336,0.3933027616897121,"{'n_estimators': 300, 'learning_rate': 0.01, 'max_depth': 3, 'subsample': 0.8, 'colsample_bytree': 0.8, 'random_state': 42, 'objective': 'reg:squarederror'}"
复方氯化钠注射液,石四药,167.38615057817512,130.0135955810547,41.69153778999589,0.09023521810936574,"{'n_estimators': 100, 'learning_rate': 0.01, 'max_depth': 3, 'subsample': 1.0, 'colsample_bytree': 0.8, 'random_state': 42, 'objective': 'reg:squarederror'}"
复方消化酶胶囊,广东星昊,689.6308096027394,553.0084156460232,31.35776471453421,0.26939447422085483,"{'n_estimators': 100, 'learning_rate': 0.1, 'max_depth': 3, 'subsample': 1.0, 'colsample_bytree': 0.8, 'random_state': 42, 'objective': 'reg:squarederror'}"
复方玄驹胶囊,浙江施强,227.2934410434229,180.2616258704144,26.280743526735318,-0.20623536804409737,"{'n_estimators': 200, 'learning_rate': 0.01, 'max_depth': 3, 'subsample': 1.0, 'colsample_bytree': 0.8, 'random_state': 42, 'objective': 'reg:squarederror'}"
复方甲氧那明胶囊,浙长兴,993.649146179587,574.4521333966936,38.802388415034116,0.47102619465758055,"{'n_estimators': 200, 'learning_rate': 0.1, 'max_depth': 7, 'subsample': 0.8, 'colsample_bytree': 0.8, 'random_state': 42, 'objective': 'reg:squarederror'}"
复方磺胺甲噁唑片,沪新亚闵行,86.75026815573986,65.28353672557407,61.32707782315785,0.2603314181407814,"{'n_estimators': 200, 'learning_rate': 0.01, 'max_depth': 3, 'subsample': 0.8, 'colsample_bytree': 0.8, 'random_state': 42, 'objective': 'reg:squarederror'}"
复方聚乙二醇电解质散[1],江西恒康,761.9539523895696,526.6642074584961,25.55349426117481,0.15917758031690654,"{'n_estimators': 200, 'learning_rate': 0.01, 'max_depth': 5, 'subsample': 1.0, 'colsample_bytree': 0.8, 'random_state': 42, 'objective': 'reg:squarederror'}"
复方芦丁片,宁波大红鹰,65.98440295723742,52.5214509635136,48.034175109737006,-0.14229905322035297,"{'n_estimators': 100, 'learning_rate': 0.01, 'max_depth': 5, 'subsample': 0.8, 'colsample_bytree': 1.0, 'random_state': 42, 'objective': 'reg:squarederror'}"
复方阿嗪米特肠溶片,扬州一洋,400.3493926883196,318.3452855216132,52.467371303896535,0.5881814919568753,"{'n_estimators': 300, 'learning_rate': 0.01, 'max_depth': 5, 'subsample': 1.0, 'colsample_bytree': 1.0, 'random_state': 42, 'objective': 'reg:squarederror'}"
复方黄柏液涂剂,鲁汉方,1232.4661792088812,822.8863458633423,25.306746265998314,0.7011324350031518,"{'n_estimators': 100, 'learning_rate': 0.05, 'max_depth': 3, 'subsample': 0.8, 'colsample_bytree': 0.8, 'random_state': 42, 'objective': 'reg:squarederror'}"
夏枯草,统货,2.5326791120150514,1.7108824835267178,72.75839617718731,0.23471783567397997,"{'n_estimators': 200, 'learning_rate': 0.01, 'max_depth': 3, 'subsample': 1.0, 'colsample_bytree': 0.8, 'random_state': 42, 'objective': 'reg:squarederror'}"
外用重组人碱性成纤维细胞生长因子,朗肽,750.555033947944,587.9170074462891,48.29368867973147,0.27054908584479,"{'n_estimators': 300, 'learning_rate': 0.01, 'max_depth': 5, 'subsample': 1.0, 'colsample_bytree': 1.0, 'random_state': 42, 'objective': 'reg:squarederror'}"
外用重组人酸性成纤维细胞生长因子,上海腾瑞,390.70704073594777,302.56011962890625,30.827514406114286,0.33021724582059475,"{'n_estimators': 200, 'learning_rate': 0.01, 'max_depth': 3, 'subsample': 1.0, 'colsample_bytree': 1.0, 'random_state': 42, 'objective': 'reg:squarederror'}"
多潘立酮片,华东医药博华,328.89451734227947,259.04680093301306,40.92491995237048,0.05546305665861184,"{'n_estimators': 200, 'learning_rate': 0.01, 'max_depth': 3, 'subsample': 0.8, 'colsample_bytree': 0.8, 'random_state': 42, 'objective': 'reg:squarederror'}"
多种微量元素注射液[2],华瑞,53.26673269583391,38.222476315498355,48.96325271091381,0.1990108860817863,"{'n_estimators': 200, 'learning_rate': 0.01, 'max_depth': 3, 'subsample': 0.8, 'colsample_bytree': 0.8, 'random_state': 42, 'objective': 'reg:squarederror'}"
多种油脂肪乳注射液[C624],华瑞制药,995.7306441093793,755.6189058091906,44.292803771968146,0.3359791914880075,"{'n_estimators': 300, 'learning_rate': 0.01, 'max_depth': 3, 'subsample': 1.0, 'colsample_bytree': 0.8, 'random_state': 42, 'objective': 'reg:squarederror'}"
多糖铁复合物胶囊,申医药国风,869.4524430367336,666.2232581244575,28.479713555770562,0.35524208323120454,"{'n_estimators': 200, 'learning_rate': 0.01, 'max_depth': 3, 'subsample': 0.8, 'colsample_bytree': 0.8, 'random_state': 42, 'objective': 'reg:squarederror'}"
头孢丙烯片,南京亿华,575.5527858526101,382.4380912780762,41.357184182251174,-0.08250822224461452,"{'n_estimators': 100, 'learning_rate': 0.01, 'max_depth': 3, 'subsample': 1.0, 'colsample_bytree': 0.8, 'random_state': 42, 'objective': 'reg:squarederror'}"
头孢克洛干混悬剂[希刻劳],苏州西克罗,759.2728592517603,579.9104206063026,78.35611706453115,0.6465702245081968,"{'n_estimators': 300, 'learning_rate': 0.05, 'max_depth': 3, 'subsample': 0.8, 'colsample_bytree': 1.0, 'random_state': 42, 'objective': 'reg:squarederror'}"
头孢克肟干混悬剂,深圳立健,986.384535553789,797.9810008513622,45.30833434001102,-0.04004347884769199,"{'n_estimators': 100, 'learning_rate': 0.01, 'max_depth': 3, 'subsample': 0.8, 'colsample_bytree': 0.8, 'random_state': 42, 'objective': 'reg:squarederror'}"
头孢呋辛酯片,浙京新,285.4375628610089,220.61218666543766,53.396663493109116,0.10224104443917104,"{'n_estimators': 200, 'learning_rate': 0.01, 'max_depth': 3, 'subsample': 0.8, 'colsample_bytree': 0.8, 'random_state': 42, 'objective': 'reg:squarederror'}"
头孢地尼分散片,津中央,175.7868425154489,137.96199417114258,45.41740743413971,-0.3887778797817878,"{'n_estimators': 300, 'learning_rate': 0.01, 'max_depth': 3, 'subsample': 1.0, 'colsample_bytree': 0.8, 'random_state': 42, 'objective': 'reg:squarederror'}"
头孢地尼胶囊,石家庄四药,770.5607080702858,552.2282095617718,52.96028419602852,0.5176594263937881,"{'n_estimators': 300, 'learning_rate': 0.1, 'max_depth': 3, 'subsample': 0.8, 'colsample_bytree': 0.8, 'random_state': 42, 'objective': 'reg:squarederror'}"
奥氮平片,礼来,25.350095132647308,17.654208805825974,72.4560123040297,0.19883004445097419,"{'n_estimators': 200, 'learning_rate': 0.01, 'max_depth': 3, 'subsample': 0.8, 'colsample_bytree': 0.8, 'random_state': 42, 'objective': 'reg:squarederror'}"
奥沙普秦肠溶片,鄂百科亨迪,534.1070592813203,404.0300750732422,30.9718382159683,0.25608985386130745,"{'n_estimators': 200, 'learning_rate': 0.01, 'max_depth': 3, 'subsample': 0.8, 'colsample_bytree': 0.8, 'random_state': 42, 'objective': 'reg:squarederror'}"
奥美沙坦酯片,京福元,664.189511518204,463.7298417524858,26.241462151551765,0.1867646491862095,"{'n_estimators': 100, 'learning_rate': 0.1, 'max_depth': 5, 'subsample': 1.0, 'colsample_bytree': 0.8, 'random_state': 42, 'objective': 'reg:squarederror'}"
妇科再造丸,贵阳德昌祥,687.3631304345652,544.9454266092051,28.13174557999195,0.11384856453264025,"{'n_estimators': 100, 'learning_rate': 0.01, 'max_depth': 3, 'subsample': 1.0, 'colsample_bytree': 1.0, 'random_state': 42, 'objective': 'reg:squarederror'}"
妇科千金胶囊,湘株洲千金,336.9025984663946,241.69270600212946,47.29994121181047,0.21464790307536896,"{'n_estimators': 300, 'learning_rate': 0.01, 'max_depth': 3, 'subsample': 0.8, 'colsample_bytree': 0.8, 'random_state': 42, 'objective': 'reg:squarederror'}"
姜半夏,广东一方,501.38861393124586,346.9776613712311,81.0431870803284,0.5389443547688613,"{'n_estimators': 100, 'learning_rate': 0.05, 'max_depth': 3, 'subsample': 0.8, 'colsample_bytree': 1.0, 'random_state': 42, 'objective': 'reg:squarederror'}"
姜半夏,统货,5.4503451353264625,4.181459507276846,43.91507671873992,0.5142481285849079,"{'n_estimators': 100, 'learning_rate': 0.1, 'max_depth': 3, 'subsample': 1.0, 'colsample_bytree': 0.8, 'random_state': 42, 'objective': 'reg:squarederror'}"
孟鲁司特钠片,沪安必生,1483.0647309321866,1118.7409393933356,31.29214531709788,0.25550621645248195,"{'n_estimators': 300, 'learning_rate': 0.01, 'max_depth': 3, 'subsample': 0.8, 'colsample_bytree': 0.8, 'random_state': 42, 'objective': 'reg:squarederror'}"
安立生坦片,浙江华海,42.040850162906395,30.26649145646529,25.605117434557922,-0.05182230209267602,"{'n_estimators': 200, 'learning_rate': 0.01, 'max_depth': 3, 'subsample': 1.0, 'colsample_bytree': 1.0, 'random_state': 42, 'objective': 'reg:squarederror'}"
安络化纤丸,河北森隆,1493.14846651246,1236.0919132676236,27.471178745763737,0.09318889968160426,"{'n_estimators': 100, 'learning_rate': 0.05, 'max_depth': 3, 'subsample': 0.8, 'colsample_bytree': 0.8, 'random_state': 42, 'objective': 'reg:squarederror'}"
富马酸伏诺拉生片,武田,390.4228095396427,332.7606288364955,23.91143229434467,-0.07953930157788824,"{'n_estimators': 200, 'learning_rate': 0.01, 'max_depth': 3, 'subsample': 0.8, 'colsample_bytree': 0.8, 'random_state': 42, 'objective': 'reg:squarederror'}"
富马酸依美斯汀滴眼液,比爱尔康,264.9904200422028,180.013788011339,39.55537504068748,0.08671102090068283,"{'n_estimators': 100, 'learning_rate': 0.01, 'max_depth': 3, 'subsample': 0.8, 'colsample_bytree': 1.0, 'random_state': 42, 'objective': 'reg:squarederror'}"
富马酸比索洛尔片,成都苑东,582.0429792285372,461.2934824625651,34.93472561537576,0.07822988796115238,"{'n_estimators': 200, 'learning_rate': 0.01, 'max_depth': 3, 'subsample': 1.0, 'colsample_bytree': 0.8, 'random_state': 42, 'objective': 'reg:squarederror'}"
小儿复方氨基酸注射液[18AA1],辰欣药业,1085.7549840144677,857.1348198784722,34.83358121601711,0.14151223452696848,"{'n_estimators': 200, 'learning_rate': 0.01, 'max_depth': 3, 'subsample': 0.8, 'colsample_bytree': 0.8, 'random_state': 42, 'objective': 'reg:squarederror'}"
小儿肺热咳喘口服液,黑葵花,2207.778251262975,1572.6432003445095,57.08469955825753,0.06488666923653219,"{'n_estimators': 100, 'learning_rate': 0.01, 'max_depth': 3, 'subsample': 1.0, 'colsample_bytree': 0.8, 'random_state': 42, 'objective': 'reg:squarederror'}"
小金胶囊,武汉健民,1703.8079025255797,1237.2910766601562,24.410883428739194,0.5996438806668194,"{'n_estimators': 300, 'learning_rate': 0.01, 'max_depth': 3, 'subsample': 0.8, 'colsample_bytree': 0.8, 'random_state': 42, 'objective': 'reg:squarederror'}"
小麦纤维素颗粒,瑞典recip,240.78856024304454,150.28407457139758,51.87961424340699,0.765740118856596,"{'n_estimators': 100, 'learning_rate': 0.1, 'max_depth': 3, 'subsample': 1.0, 'colsample_bytree': 0.8, 'random_state': 42, 'objective': 'reg:squarederror'}"
尼洛替尼胶囊,瑞士诺华,34.35186237835316,21.37576715151469,30.209435481253173,-0.029288303709624763,"{'n_estimators': 100, 'learning_rate': 0.01, 'max_depth': 3, 'subsample': 0.8, 'colsample_bytree': 0.8, 'random_state': 42, 'objective': 'reg:squarederror'}"
山茱萸,统货,5.571813221338733,4.2303341954253435,31.29556680255789,0.1582910640285916,"{'n_estimators': 200, 'learning_rate': 0.01, 'max_depth': 3, 'subsample': 0.8, 'colsample_bytree': 0.8, 'random_state': 42, 'objective': 'reg:squarederror'}"
山药,广东一方,2560.191770797429,1989.4102635938068,,0.5358872565413781,"{'n_estimators': 300, 'learning_rate': 0.1, 'max_depth': 7, 'subsample': 0.8, 'colsample_bytree': 1.0, 'random_state': 42, 'objective': 'reg:squarederror'}"
山药,统货,21.46427504477001,16.034103903659556,52.381317262897085,0.5891986990093627,"{'n_estimators': 300, 'learning_rate': 0.05, 'max_depth': 7, 'subsample': 1.0, 'colsample_bytree': 0.8, 'random_state': 42, 'objective': 'reg:squarederror'}"
川牛膝,统货,7.109781619648754,4.7560591365015785,37.359811772631296,0.6284816867998253,"{'n_estimators': 100, 'learning_rate': 0.1, 'max_depth': 7, 'subsample': 0.8, 'colsample_bytree': 0.8, 'random_state': 42, 'objective': 'reg:squarederror'}"
川芎,统货,22.732303437675615,17.24260347743367,67.5066321203506,0.1833127688013323,"{'n_estimators': 300, 'learning_rate': 0.01, 'max_depth': 3, 'subsample': 0.8, 'colsample_bytree': 0.8, 'random_state': 42, 'objective': 'reg:squarederror'}"
左卡尼汀注射液,意大利,641.3997771498847,478.78938462999133,85.54642702500774,0.27242648758697496,"{'n_estimators': 200, 'learning_rate': 0.01, 'max_depth': 3, 'subsample': 0.8, 'colsample_bytree': 0.8, 'random_state': 42, 'objective': 'reg:squarederror'}"
左氧氟沙星氯化钠注射液,浙江新昌,747.9495484694218,608.325937124399,42.921590535324086,0.06570838465354145,"{'n_estimators': 300, 'learning_rate': 0.1, 'max_depth': 3, 'subsample': 1.0, 'colsample_bytree': 0.8, 'random_state': 42, 'objective': 'reg:squarederror'}"
左氧氟沙星滴眼液,苏州参天,638.981469370263,409.1902223693,60.69610692176827,0.6058215162965057,"{'n_estimators': 300, 'learning_rate': 0.1, 'max_depth': 7, 'subsample': 0.8, 'colsample_bytree': 0.8, 'random_state': 42, 'objective': 'reg:squarederror'}"
左氧氟沙星片,浙普洛,859.1110177657683,669.7500457763672,22.67839520232649,0.331304325267644,"{'n_estimators': 300, 'learning_rate': 0.01, 'max_depth': 3, 'subsample': 1.0, 'colsample_bytree': 1.0, 'random_state': 42, 'objective': 'reg:squarederror'}"
左甲状腺素钠片,德国默克,1260.1059526267493,939.8858574761284,34.006639751711205,0.24017024572337076,"{'n_estimators': 300, 'learning_rate': 0.01, 'max_depth': 3, 'subsample': 0.8, 'colsample_bytree': 0.8, 'random_state': 42, 'objective': 'reg:squarederror'}"
左西孟旦注射液,齐鲁制药,26.146193517943793,18.68682187464502,70.04135144374823,0.5939985434970941,"{'n_estimators': 100, 'learning_rate': 0.05, 'max_depth': 7, 'subsample': 0.8, 'colsample_bytree': 0.8, 'random_state': 42, 'objective': 'reg:squarederror'}"
巴曲酶注射液,京托毕西,177.42063956638177,131.9091780450609,47.49794515231752,0.21780572173206036,"{'n_estimators': 200, 'learning_rate': 0.01, 'max_depth': 7, 'subsample': 0.8, 'colsample_bytree': 0.8, 'random_state': 42, 'objective': 'reg:squarederror'}"
布地奈德鼻喷雾剂,健乔信元,719.4477456670887,524.1605252352628,48.11816180058762,0.3798199913857452,"{'n_estimators': 300, 'learning_rate': 0.05, 'max_depth': 5, 'subsample': 0.8, 'colsample_bytree': 0.8, 'random_state': 42, 'objective': 'reg:squarederror'}"
布洛芬缓释胶囊,天津史克,315.81800980142066,227.09383816189236,87.17225103916122,0.26864125949451834,"{'n_estimators': 100, 'learning_rate': 0.01, 'max_depth': 7, 'subsample': 0.8, 'colsample_bytree': 0.8, 'random_state': 42, 'objective': 'reg:squarederror'}"
帕妥珠单抗注射液,沪罗氏,16.752755535111895,12.983736901056199,37.66397453526014,0.38841941024667304,"{'n_estimators': 300, 'learning_rate': 0.01, 'max_depth': 5, 'subsample': 1.0, 'colsample_bytree': 1.0, 'random_state': 42, 'objective': 'reg:squarederror'}"
帕米膦酸二钠葡萄糖注射液,天晴,104.88504574994042,80.01568050115881,67.82300708690599,0.45823226144233786,"{'n_estimators': 200, 'learning_rate': 0.01, 'max_depth': 3, 'subsample': 0.8, 'colsample_bytree': 0.8, 'random_state': 42, 'objective': 'reg:squarederror'}"
干姜,统货,3.336743317993005,2.5393714738446613,40.45039830279857,0.7715910386236978,"{'n_estimators': 100, 'learning_rate': 0.1, 'max_depth': 3, 'subsample': 0.8, 'colsample_bytree': 0.8, 'random_state': 42, 'objective': 'reg:squarederror'}"
度普利尤单抗注射液,赛诺菲,55.87951285223331,43.58896045123829,50.0869017721134,0.41959251737975145,"{'n_estimators': 200, 'learning_rate': 0.1, 'max_depth': 5, 'subsample': 0.8, 'colsample_bytree': 0.8, 'random_state': 42, 'objective': 'reg:squarederror'}"
康妇消炎栓,葵花伊春,480.05966570861034,380.6668192545573,25.611941437593664,0.16695338281396843,"{'n_estimators': 100, 'learning_rate': 0.05, 'max_depth': 5, 'subsample': 0.8, 'colsample_bytree': 1.0, 'random_state': 42, 'objective': 'reg:squarederror'}"
康莱特注射液,浙江康莱特,146.62587592805008,102.40836482577853,38.83579358135457,0.06575088642338633,"{'n_estimators': 200, 'learning_rate': 0.01, 'max_depth': 3, 'subsample': 0.8, 'colsample_bytree': 0.8, 'random_state': 42, 'objective': 'reg:squarederror'}"
延胡索,统货,5.449489404041322,4.119294035711953,56.75174552446205,0.17934009025916453,"{'n_estimators': 200, 'learning_rate': 0.01, 'max_depth': 3, 'subsample': 0.8, 'colsample_bytree': 0.8, 'random_state': 42, 'objective': 'reg:squarederror'}"
异甘草酸镁注射液,正大天晴,4349.637941136941,2869.4167277018228,29.92699288229124,0.6573505533746509,"{'n_estimators': 300, 'learning_rate': 0.01, 'max_depth': 3, 'subsample': 0.8, 'colsample_bytree': 0.8, 'random_state': 42, 'objective': 'reg:squarederror'}"
异维A酸软胶囊,信谊延安,322.03683831547295,188.232620133294,44.2386472058925,0.480154354632534,"{'n_estimators': 200, 'learning_rate': 0.01, 'max_depth': 3, 'subsample': 0.8, 'colsample_bytree': 0.8, 'random_state': 42, 'objective': 'reg:squarederror'}"
强力枇杷露,哈尔滨康隆,841.3354196137735,482.5842987060547,31.566338299035134,0.17638399239049318,"{'n_estimators': 200, 'learning_rate': 0.01, 'max_depth': 5, 'subsample': 0.8, 'colsample_bytree': 1.0, 'random_state': 42, 'objective': 'reg:squarederror'}"
当归,统货,21.34631313004108,15.952798012799994,58.63208831842562,0.3442668323275646,"{'n_estimators': 300, 'learning_rate': 0.05, 'max_depth': 3, 'subsample': 0.8, 'colsample_bytree': 0.8, 'random_state': 42, 'objective': 'reg:squarederror'}"
心可舒片,山东沃华,937.3601603015566,694.4899697833591,46.04670953375836,0.2802441469238708,"{'n_estimators': 100, 'learning_rate': 0.05, 'max_depth': 5, 'subsample': 1.0, 'colsample_bytree': 0.8, 'random_state': 42, 'objective': 'reg:squarederror'}"
恩扎卢胺软胶囊,苏豪森,41.928638369735395,32.3993106115432,32.31539372283116,-0.0703328080994794,"{'n_estimators': 100, 'learning_rate': 0.1, 'max_depth': 5, 'subsample': 0.8, 'colsample_bytree': 0.8, 'random_state': 42, 'objective': 'reg:squarederror'}"
托伐普坦片,浙江大冢,44.72566014548479,31.580134285820854,48.117037402196466,0.1103196325297956,"{'n_estimators': 300, 'learning_rate': 0.01, 'max_depth': 3, 'subsample': 0.8, 'colsample_bytree': 0.8, 'random_state': 42, 'objective': 'reg:squarederror'}"
托吡卡胺滴眼液,鲁博士伦,919.6157273996914,691.7178439729744,67.45333337425333,0.12027410523197324,"{'n_estimators': 300, 'learning_rate': 0.01, 'max_depth': 7, 'subsample': 1.0, 'colsample_bytree': 0.8, 'random_state': 42, 'objective': 'reg:squarederror'}"
护肝片,黑葵花,345.0999587937715,284.40834511650934,31.92913298971089,0.543810865029924,"{'n_estimators': 100, 'learning_rate': 0.05, 'max_depth': 3, 'subsample': 0.8, 'colsample_bytree': 0.8, 'random_state': 42, 'objective': 'reg:squarederror'}"
拉莫三嗪片,湘三金制药,457.50845809814876,352.845691257053,24.698963539735548,0.40061524711897967,"{'n_estimators': 100, 'learning_rate': 0.1, 'max_depth': 3, 'subsample': 1.0, 'colsample_bytree': 0.8, 'random_state': 42, 'objective': 'reg:squarederror'}"
拜耳_阿司匹林肠溶片,拜耳,2755.2527994774387,2107.821139865451,23.9446134927466,0.22267868962322868,"{'n_estimators': 100, 'learning_rate': 0.05, 'max_depth': 7, 'subsample': 0.8, 'colsample_bytree': 0.8, 'random_state': 42, 'objective': 'reg:squarederror'}"
排石颗粒,南京同仁堂,494.8806967895943,334.5788808398777,35.070819313654624,0.7213615950376444,"{'n_estimators': 300, 'learning_rate': 0.1, 'max_depth': 3, 'subsample': 1.0, 'colsample_bytree': 1.0, 'random_state': 42, 'objective': 'reg:squarederror'}"
接骨七厘片,湘珠海金沙,215.74811698596906,161.50787946912976,59.59204478046589,0.19245837682430278,"{'n_estimators': 200, 'learning_rate': 0.01, 'max_depth': 3, 'subsample': 0.8, 'colsample_bytree': 0.8, 'random_state': 42, 'objective': 'reg:squarederror'}"
散结镇痛胶囊,苏康缘,1449.5125064167282,1097.9807535807292,23.678684563592572,0.04852255108851433,"{'n_estimators': 200, 'learning_rate': 0.01, 'max_depth': 3, 'subsample': 0.8, 'colsample_bytree': 0.8, 'random_state': 42, 'objective': 'reg:squarederror'}"
整蛋白型肠内营养剂,粉剂,424.46153662178415,352.48189815398183,24.174789482426053,0.1365826274020563,"{'n_estimators': 300, 'learning_rate': 0.01, 'max_depth': 3, 'subsample': 1.0, 'colsample_bytree': 1.0, 'random_state': 42, 'objective': 'reg:squarederror'}"
新癀片,厦门中药厂,229.54466408176256,166.44106022516885,49.611184583921705,0.4733432830340172,"{'n_estimators': 100, 'learning_rate': 0.05, 'max_depth': 7, 'subsample': 0.8, 'colsample_bytree': 0.8, 'random_state': 42, 'objective': 'reg:squarederror'}"
普拉洛芬滴眼液,日本千寿,494.1890751935726,398.77957820892334,43.582243838814726,0.4733748788449843,"{'n_estimators': 300, 'learning_rate': 0.05, 'max_depth': 7, 'subsample': 0.8, 'colsample_bytree': 0.8, 'random_state': 42, 'objective': 'reg:squarederror'}"
普济痔疮栓,鲁新时代,737.2257211463107,590.2391077677408,33.100881470331764,0.32885174271772755,"{'n_estimators': 300, 'learning_rate': 0.01, 'max_depth': 3, 'subsample': 0.8, 'colsample_bytree': 0.8, 'random_state': 42, 'objective': 'reg:squarederror'}"
普瑞巴林胶囊,辉瑞制药,253.46742948924245,181.13125207689075,63.88434221679407,0.6608916657123771,"{'n_estimators': 300, 'learning_rate': 0.01, 'max_depth': 7, 'subsample': 0.8, 'colsample_bytree': 1.0, 'random_state': 42, 'objective': 'reg:squarederror'}"
更昔洛韦胶囊,湖北科益,1805.7629349197348,1386.7551862928603,46.476730899046736,0.11596913900727934,"{'n_estimators': 100, 'learning_rate': 0.05, 'max_depth': 3, 'subsample': 0.8, 'colsample_bytree': 0.8, 'random_state': 42, 'objective': 'reg:squarederror'}"
替勃龙片,欧加农,119.02480860052908,90.17709316147699,64.17695893735424,0.3432583664275394,"{'n_estimators': 300, 'learning_rate': 0.01, 'max_depth': 3, 'subsample': 0.8, 'colsample_bytree': 0.8, 'random_state': 42, 'objective': 'reg:squarederror'}"
替格瑞洛片,深圳信立泰,547.2898193894,432.2985575907939,25.240174490830945,0.3564972241325898,"{'n_estimators': 100, 'learning_rate': 0.1, 'max_depth': 3, 'subsample': 1.0, 'colsample_bytree': 0.8, 'random_state': 42, 'objective': 'reg:squarederror'}"
替格瑞洛片,阿斯利康,519.4763806516287,335.31597741444904,89.3619972113665,0.36305848182388456,"{'n_estimators': 200, 'learning_rate': 0.01, 'max_depth': 3, 'subsample': 0.8, 'colsample_bytree': 1.0, 'random_state': 42, 'objective': 'reg:squarederror'}"
替米沙坦片,德柏林格,141.3324831461956,111.89145215352376,48.631907544621356,0.17018506694551638,"{'n_estimators': 100, 'learning_rate': 0.01, 'max_depth': 7, 'subsample': 1.0, 'colsample_bytree': 1.0, 'random_state': 42, 'objective': 'reg:squarederror'}"
来那度胺胶囊,苏正大天晴,42.942680346159,31.289236970381303,54.62948896986609,0.0074730156446531915,"{'n_estimators': 100, 'learning_rate': 0.01, 'max_depth': 3, 'subsample': 0.8, 'colsample_bytree': 0.8, 'random_state': 42, 'objective': 'reg:squarederror'}"
松龄血脉康胶囊,成都康弘,754.3734846092648,580.7331674363878,37.0194436055077,0.5584044097673899,"{'n_estimators': 100, 'learning_rate': 0.05, 'max_depth': 3, 'subsample': 1.0, 'colsample_bytree': 0.8, 'random_state': 42, 'objective': 'reg:squarederror'}"
枣仁安神胶囊,贵州同济堂,562.8174124708515,420.8799076080322,60.141286491103386,0.4566883325211313,"{'n_estimators': 300, 'learning_rate': 0.01, 'max_depth': 7, 'subsample': 0.8, 'colsample_bytree': 0.8, 'random_state': 42, 'objective': 'reg:squarederror'}"
枯草杆菌二联活菌颗粒,京韩美,66.277033743113,50.682981703016495,78.72573080665606,0.17613336651534595,"{'n_estimators': 100, 'learning_rate': 0.01, 'max_depth': 3, 'subsample': 0.8, 'colsample_bytree': 0.8, 'random_state': 42, 'objective': 'reg:squarederror'}"
枸橼酸舒芬太尼注射液,鄂宜昌人福,3846.894260117162,2565.622083875868,20.718157642558126,0.06004671223346425,"{'n_estimators': 100, 'learning_rate': 0.01, 'max_depth': 3, 'subsample': 1.0, 'colsample_bytree': 0.8, 'random_state': 42, 'objective': 'reg:squarederror'}"
枸橼酸铋钾片_替硝唑片_克拉霉素片组合包装,丽珠,351.45295731331436,267.0026393466526,55.79235084629273,0.16898914383821872,"{'n_estimators': 100, 'learning_rate': 0.01, 'max_depth': 7, 'subsample': 0.8, 'colsample_bytree': 1.0, 'random_state': 42, 'objective': 'reg:squarederror'}"
柴胡,统货,14.781911618473803,10.56434418035108,58.77383692094863,0.5751823611466207,"{'n_estimators': 200, 'learning_rate': 0.01, 'max_depth': 3, 'subsample': 1.0, 'colsample_bytree': 1.0, 'random_state': 42, 'objective': 'reg:squarederror'}"
格列美脲片,赛诺菲,348.9223048735662,232.25127580430774,70.3135546436044,0.49629614340069905,"{'n_estimators': 200, 'learning_rate': 0.01, 'max_depth': 7, 'subsample': 0.8, 'colsample_bytree': 0.8, 'random_state': 42, 'objective': 'reg:squarederror'}"
格列美脲片,重庆康刻尔,204.84404918934658,168.787465875799,40.27975672116201,0.042583502911395565,"{'n_estimators': 300, 'learning_rate': 0.1, 'max_depth': 5, 'subsample': 1.0, 'colsample_bytree': 1.0, 'random_state': 42, 'objective': 'reg:squarederror'}"
格列齐特缓释片,施维雅,215.84412255504796,152.28248437245688,47.68949318427573,0.45412467092702924,"{'n_estimators': 100, 'learning_rate': 0.05, 'max_depth': 7, 'subsample': 0.8, 'colsample_bytree': 0.8, 'random_state': 42, 'objective': 'reg:squarederror'}"
桃仁,统货,3.1295821848528234,2.513468165730321,29.051740057860513,0.5744917217790796,"{'n_estimators': 100, 'learning_rate': 0.05, 'max_depth': 3, 'subsample': 0.8, 'colsample_bytree': 0.8, 'random_state': 42, 'objective': 'reg:squarederror'}"
槐耳颗粒,启东盖天力,595.7505991056189,325.4233446651035,39.194916868297966,0.6518811399587449,"{'n_estimators': 100, 'learning_rate': 0.05, 'max_depth': 7, 'subsample': 0.8, 'colsample_bytree': 0.8, 'random_state': 42, 'objective': 'reg:squarederror'}"
比卡鲁胺片,阿斯利康,52.10330348315822,37.66942330201467,67.10029789491101,0.6388832507760445,"{'n_estimators': 100, 'learning_rate': 0.05, 'max_depth': 3, 'subsample': 1.0, 'colsample_bytree': 0.8, 'random_state': 42, 'objective': 'reg:squarederror'}"
气滞胃痛颗粒,华润本溪,605.7973254669819,473.4795268376668,63.40712428707026,0.611012952918679,"{'n_estimators': 300, 'learning_rate': 0.01, 'max_depth': 3, 'subsample': 1.0, 'colsample_bytree': 0.8, 'random_state': 42, 'objective': 'reg:squarederror'}"
氟哌噻吨美利曲辛片,丹麦,589.1838614684957,451.7535907957289,40.56403892557145,0.5102181324323367,"{'n_estimators': 200, 'learning_rate': 0.05, 'max_depth': 7, 'subsample': 0.8, 'colsample_bytree': 0.8, 'random_state': 42, 'objective': 'reg:squarederror'}"
氟康唑氯化钠注射液,辉瑞,218.53543433098386,146.92999860975476,70.28578782043152,0.7422606198690569,"{'n_estimators': 100, 'learning_rate': 0.05, 'max_depth': 7, 'subsample': 1.0, 'colsample_bytree': 0.8, 'random_state': 42, 'objective': 'reg:squarederror'}"
氟替美维吸入粉雾剂,葛兰素,126.25063641173988,106.08932059151786,24.55819511667463,-0.2536038410521484,"{'n_estimators': 300, 'learning_rate': 0.01, 'max_depth': 3, 'subsample': 1.0, 'colsample_bytree': 0.8, 'random_state': 42, 'objective': 'reg:squarederror'}"
氟比洛芬凝胶贴膏,京泰德,1161.7188190238558,699.5276345147026,21.14125609361284,0.7902244451317652,"{'n_estimators': 100, 'learning_rate': 0.05, 'max_depth': 5, 'subsample': 0.8, 'colsample_bytree': 1.0, 'random_state': 42, 'objective': 'reg:squarederror'}"
氟比洛芬酯注射液,鄂远大,5233.888339421943,4153.3512786155525,34.11751673027279,0.1357804367335591,"{'n_estimators': 200, 'learning_rate': 0.01, 'max_depth': 3, 'subsample': 0.8, 'colsample_bytree': 1.0, 'random_state': 42, 'objective': 'reg:squarederror'}"
氟维司群注射液,德国Vetter,11.699179400885368,9.450815845418859,56.55687396966778,0.08986888119182013,"{'n_estimators': 200, 'learning_rate': 0.01, 'max_depth': 3, 'subsample': 0.8, 'colsample_bytree': 0.8, 'random_state': 42, 'objective': 'reg:squarederror'}"
氢氯噻嗪片,仁和堂,77.08556117462311,63.416831088066104,94.38833555157532,0.1962197859816286,"{'n_estimators': 100, 'learning_rate': 0.05, 'max_depth': 3, 'subsample': 0.8, 'colsample_bytree': 1.0, 'random_state': 42, 'objective': 'reg:squarederror'}"
氨溴特罗口服溶液,京韩美,1106.6896253034117,854.7726745605469,50.0427578570794,0.12705298409291044,"{'n_estimators': 100, 'learning_rate': 0.01, 'max_depth': 3, 'subsample': 1.0, 'colsample_bytree': 0.8, 'random_state': 42, 'objective': 'reg:squarederror'}"
氨茶碱注射液,石药银湖,79.17675786190358,59.270127296447754,85.56772657364503,-0.035851251455645494,"{'n_estimators': 100, 'learning_rate': 0.01, 'max_depth': 3, 'subsample': 0.8, 'colsample_bytree': 0.8, 'random_state': 42, 'objective': 'reg:squarederror'}"
氯化钙注射液,川美大康,1206.731303988292,946.4462913230614,45.857897039381875,0.24138457710285566,"{'n_estimators': 200, 'learning_rate': 0.01, 'max_depth': 3, 'subsample': 0.8, 'colsample_bytree': 0.8, 'random_state': 42, 'objective': 'reg:squarederror'}"
氯化钠注射液,中国大冢,14302.450904487756,10105.762360328852,,0.5591959073163868,"{'n_estimators': 100, 'learning_rate': 0.1, 'max_depth': 5, 'subsample': 1.0, 'colsample_bytree': 0.8, 'random_state': 42, 'objective': 'reg:squarederror'}"
氯化钾注射液,中国大冢,12369.3527962757,9442.713270399305,24.286192990864457,0.09374447991496004,"{'n_estimators': 100, 'learning_rate': 0.01, 'max_depth': 7, 'subsample': 0.8, 'colsample_bytree': 0.8, 'random_state': 42, 'objective': 'reg:squarederror'}"
氯雷他定片,扬子江,183.50629557838067,143.51838207244873,34.423359146777095,0.29533708995576546,"{'n_estimators': 200, 'learning_rate': 0.1, 'max_depth': 5, 'subsample': 1.0, 'colsample_bytree': 0.8, 'random_state': 42, 'objective': 'reg:squarederror'}"
沙库巴曲缬沙坦钠片,诺华,3539.1963321252697,2043.7231642779182,37.661067491451206,0.605619207890524,"{'n_estimators': 300, 'learning_rate': 0.05, 'max_depth': 3, 'subsample': 1.0, 'colsample_bytree': 1.0, 'random_state': 42, 'objective': 'reg:squarederror'}"
沙格列汀片,阿斯利康,990.3833927634485,674.5337963104248,48.06157802567819,0.6388812691207992,"{'n_estimators': 100, 'learning_rate': 0.1, 'max_depth': 3, 'subsample': 0.8, 'colsample_bytree': 0.8, 'random_state': 42, 'objective': 'reg:squarederror'}"
泌淋清胶囊,贵州和仁堂,414.80131348015766,308.37874274783667,49.346551697782246,0.2758287873244094,"{'n_estimators': 300, 'learning_rate': 0.01, 'max_depth': 3, 'subsample': 0.8, 'colsample_bytree': 0.8, 'random_state': 42, 'objective': 'reg:squarederror'}"
法半夏,广东一方,1146.6269325085907,916.7558805677626,55.2210913073591,0.27073261588946884,"{'n_estimators': 300, 'learning_rate': 0.01, 'max_depth': 5, 'subsample': 0.8, 'colsample_bytree': 0.8, 'random_state': 42, 'objective': 'reg:squarederror'}"
注射用丙戊酸钠,杭州赛诺菲,204.95165539613606,163.25616010030112,58.880202665200045,0.21550711534225275,"{'n_estimators': 200, 'learning_rate': 0.01, 'max_depth': 3, 'subsample': 0.8, 'colsample_bytree': 0.8, 'random_state': 42, 'objective': 'reg:squarederror'}"
注射用乙酰谷酰胺,海南皇隆,3574.56415829286,2764.282945421007,29.68698075998451,0.5412824078222456,"{'n_estimators': 100, 'learning_rate': 0.05, 'max_depth': 7, 'subsample': 0.8, 'colsample_bytree': 0.8, 'random_state': 42, 'objective': 'reg:squarederror'}"
注射用乳糖酸红霉素,美罗,4603.595542243744,2979.4581432900122,85.49781676529193,0.6001958602924131,"{'n_estimators': 100, 'learning_rate': 0.1, 'max_depth': 7, 'subsample': 1.0, 'colsample_bytree': 1.0, 'random_state': 42, 'objective': 'reg:squarederror'}"
注射用亚胺培南西司他丁钠,杭州默沙东,1328.5789593124468,899.2142842610677,25.245607720447193,0.15787015185276954,"{'n_estimators': 200, 'learning_rate': 0.01, 'max_depth': 7, 'subsample': 1.0, 'colsample_bytree': 0.8, 'random_state': 42, 'objective': 'reg:squarederror'}"
注射用人干扰素a1b,深圳科兴,2059.8924372873753,1343.1313743591309,43.560833559672,0.40965102245127905,"{'n_estimators': 200, 'learning_rate': 0.01, 'max_depth': 3, 'subsample': 1.0, 'colsample_bytree': 0.8, 'random_state': 42, 'objective': 'reg:squarederror'}"
注射用人生长激素,皖安科,741.2704120946545,570.7035124037001,35.24662206175094,0.2497036348765852,"{'n_estimators': 100, 'learning_rate': 0.05, 'max_depth': 5, 'subsample': 0.8, 'colsample_bytree': 0.8, 'random_state': 42, 'objective': 'reg:squarederror'}"
注射用人白介素11,齐鲁,738.7863951527142,540.1934204101562,41.75530845319441,0.30999309875654857,"{'n_estimators': 100, 'learning_rate': 0.05, 'max_depth': 3, 'subsample': 0.8, 'colsample_bytree': 0.8, 'random_state': 42, 'objective': 'reg:squarederror'}"
注射用伏立康唑,丽珠制药,946.1231443330288,693.4121101697286,64.70274141468498,0.2622838911209894,"{'n_estimators': 100, 'learning_rate': 0.1, 'max_depth': 7, 'subsample': 1.0, 'colsample_bytree': 1.0, 'random_state': 42, 'objective': 'reg:squarederror'}"
注射用右雷佐生,江苏奥赛康,124.92934188787872,91.05043008592394,47.53711402366714,0.17703654553302473,"{'n_estimators': 200, 'learning_rate': 0.01, 'max_depth': 5, 'subsample': 0.8, 'colsample_bytree': 0.8, 'random_state': 42, 'objective': 'reg:squarederror'}"
注射用吗替麦考酚酯,双鹤海南,857.0039674004261,666.9429897732205,53.07235988423072,0.34305308912893995,"{'n_estimators': 200, 'learning_rate': 0.01, 'max_depth': 3, 'subsample': 1.0, 'colsample_bytree': 0.8, 'random_state': 42, 'objective': 'reg:squarederror'}"
注射用吲哚菁绿,丹东医创,58.220676234076045,40.17952695820067,80.62284569356186,0.11129528919720821,"{'n_estimators': 200, 'learning_rate': 0.01, 'max_depth': 5, 'subsample': 1.0, 'colsample_bytree': 0.8, 'random_state': 42, 'objective': 'reg:squarederror'}"
注射用喷昔洛韦,浙尖峰药业,822.4506922676992,654.5204789903429,51.48559027244146,0.18010466491193944,"{'n_estimators': 200, 'learning_rate': 0.01, 'max_depth': 5, 'subsample': 0.8, 'colsample_bytree': 0.8, 'random_state': 42, 'objective': 'reg:squarederror'}"
注射用头孢他啶,巴西礼来,2381.6387570509464,1323.813106390146,87.19802345709383,0.505902606828541,"{'n_estimators': 300, 'learning_rate': 0.05, 'max_depth': 5, 'subsample': 0.8, 'colsample_bytree': 0.8, 'random_state': 42, 'objective': 'reg:squarederror'}"
注射用头孢他啶,深华润九新,1438.665552239222,1048.0767517089844,61.0470921203085,-0.1091150991603893,"{'n_estimators': 100, 'learning_rate': 0.01, 'max_depth': 3, 'subsample': 1.0, 'colsample_bytree': 0.8, 'random_state': 42, 'objective': 'reg:squarederror'}"
注射用头孢他啶阿维巴坦钠,辉瑞,250.17294233643202,173.26399135896511,76.7228198129153,0.4739804545786479,"{'n_estimators': 300, 'learning_rate': 0.05, 'max_depth': 7, 'subsample': 1.0, 'colsample_bytree': 1.0, 'random_state': 42, 'objective': 'reg:squarederror'}"
注射用头孢哌酮钠舒巴坦钠,辉瑞,5611.271503840827,3404.8143649631074,28.036913333669972,0.32252375370317465,"{'n_estimators': 100, 'learning_rate': 0.1, 'max_depth': 3, 'subsample': 1.0, 'colsample_bytree': 0.8, 'random_state': 42, 'objective': 'reg:squarederror'}"
注射用头孢曲松钠,沪罗氏,1774.5439594053857,1217.1267852783203,71.14473414928482,0.3991941684589828,"{'n_estimators': 200, 'learning_rate': 0.01, 'max_depth': 3, 'subsample': 0.8, 'colsample_bytree': 0.8, 'random_state': 42, 'objective': 'reg:squarederror'}"
注射用头孢曲松钠,湖南科伦,1748.9331193719754,1324.893535907452,30.665323421710784,-0.40566236655689747,"{'n_estimators': 200, 'learning_rate': 0.01, 'max_depth': 3, 'subsample': 0.8, 'colsample_bytree': 0.8, 'random_state': 42, 'objective': 'reg:squarederror'}"
注射用头孢米诺钠,汕头明治,2122.8299582118416,1536.334482298957,,0.6277677719027421,"{'n_estimators': 300, 'learning_rate': 0.05, 'max_depth': 3, 'subsample': 1.0, 'colsample_bytree': 0.8, 'random_state': 42, 'objective': 'reg:squarederror'}"
注射用奥马珠单抗,诺华制药,42.57402427835021,32.37971460251581,28.423856204167958,0.017500352212769688,"{'n_estimators': 300, 'learning_rate': 0.01, 'max_depth': 3, 'subsample': 0.8, 'colsample_bytree': 0.8, 'random_state': 42, 'objective': 'reg:squarederror'}"
注射用尤瑞克林,粤天普生化,198.93341502622383,151.87932446976782,36.69794827800195,0.2949420440480873,"{'n_estimators': 100, 'learning_rate': 0.1, 'max_depth': 7, 'subsample': 1.0, 'colsample_bytree': 0.8, 'random_state': 42, 'objective': 'reg:squarederror'}"
注射用曲妥珠单抗,沪罗氏,25.50391045169573,20.67384367518955,45.408766094951424,0.0853848569641994,"{'n_estimators': 100, 'learning_rate': 0.01, 'max_depth': 7, 'subsample': 1.0, 'colsample_bytree': 1.0, 'random_state': 42, 'objective': 'reg:squarederror'}"
注射用替考拉宁,浙江新昌,514.3738597127124,330.28170649210614,39.33728399207121,0.029836058074555027,"{'n_estimators': 100, 'learning_rate': 0.01, 'max_depth': 3, 'subsample': 0.8, 'colsample_bytree': 0.8, 'random_state': 42, 'objective': 'reg:squarederror'}"
注射用替考拉宁,赛诺菲,335.6325778289851,240.3670450846354,61.23600733576286,0.45281367243825366,"{'n_estimators': 300, 'learning_rate': 0.01, 'max_depth': 3, 'subsample': 0.8, 'colsample_bytree': 0.8, 'random_state': 42, 'objective': 'reg:squarederror'}"
注射用果糖二磷酸钠,国药国瑞,111.63452390307963,93.14757506052653,40.506791451144665,0.15595448330266604,"{'n_estimators': 200, 'learning_rate': 0.01, 'max_depth': 3, 'subsample': 1.0, 'colsample_bytree': 1.0, 'random_state': 42, 'objective': 'reg:squarederror'}"
注射用比阿培南,苏正大天晴,802.7235194336246,585.4565040535397,,0.2737753300413208,"{'n_estimators': 100, 'learning_rate': 0.1, 'max_depth': 3, 'subsample': 0.8, 'colsample_bytree': 0.8, 'random_state': 42, 'objective': 'reg:squarederror'}"
注射用氢化可的松琥珀酸钠,津生化,1323.603895673283,1006.6110276116265,63.18580355347658,0.2174832086001588,"{'n_estimators': 200, 'learning_rate': 0.01, 'max_depth': 3, 'subsample': 0.8, 'colsample_bytree': 0.8, 'random_state': 42, 'objective': 'reg:squarederror'}"
注射用泰它西普,荣昌生物,156.33577559793736,97.30800301688058,42.102039810311275,-0.1893802795261652,"{'n_estimators': 100, 'learning_rate': 0.01, 'max_depth': 3, 'subsample': 0.8, 'colsample_bytree': 0.8, 'random_state': 42, 'objective': 'reg:squarederror'}"
注射用洛铂,琼长安国际,67.99364205854268,49.59591907925076,52.27671864460556,0.21167605421442715,"{'n_estimators': 200, 'learning_rate': 0.01, 'max_depth': 3, 'subsample': 0.8, 'colsample_bytree': 0.8, 'random_state': 42, 'objective': 'reg:squarederror'}"
注射用环磷酰胺,苏恒瑞,192.4044848753199,153.4315702650282,70.84299509575574,-0.08334918184199025,"{'n_estimators': 100, 'learning_rate': 0.01, 'max_depth': 3, 'subsample': 1.0, 'colsample_bytree': 1.0, 'random_state': 42, 'objective': 'reg:squarederror'}"
注射用甲泼尼龙琥珀酸钠,国药容生,1438.8697520412622,1202.2543131510417,15.189818406814437,0.3288133148462319,"{'n_estimators': 100, 'learning_rate': 0.1, 'max_depth': 7, 'subsample': 0.8, 'colsample_bytree': 1.0, 'random_state': 42, 'objective': 'reg:squarederror'}"
注射用甲泼尼龙琥珀酸钠,比利时辉瑞,1653.413072831214,1186.5130550132858,68.34356187048041,0.7654908742426099,"{'n_estimators': 100, 'learning_rate': 0.1, 'max_depth': 3, 'subsample': 0.8, 'colsample_bytree': 1.0, 'random_state': 42, 'objective': 'reg:squarederror'}"
注射用甲苯磺酸瑞马唑仑,苏恒瑞,1695.1556370316787,1416.5425967261904,33.56627379303861,-0.18668090954175698,"{'n_estimators': 300, 'learning_rate': 0.05, 'max_depth': 3, 'subsample': 0.8, 'colsample_bytree': 0.8, 'random_state': 42, 'objective': 'reg:squarederror'}"
注射用盐酸万古霉素,浙江新昌,370.02879381286715,286.4774441189236,70.59404557315382,0.03637688878036516,"{'n_estimators': 200, 'learning_rate': 0.01, 'max_depth': 3, 'subsample': 0.8, 'colsample_bytree': 0.8, 'random_state': 42, 'objective': 'reg:squarederror'}"
注射用盐酸万古霉素,礼来,1599.7330081479306,1039.6490732828777,32.118907794868534,0.18556186480912074,"{'n_estimators': 200, 'learning_rate': 0.01, 'max_depth': 3, 'subsample': 0.8, 'colsample_bytree': 0.8, 'random_state': 42, 'objective': 'reg:squarederror'}"
注射用盐酸去甲万古霉素,华北制药,542.8820210828933,416.9723909166124,58.47089587465833,0.11380705731768359,"{'n_estimators': 200, 'learning_rate': 0.01, 'max_depth': 3, 'subsample': 0.8, 'colsample_bytree': 0.8, 'random_state': 42, 'objective': 'reg:squarederror'}"
注射用盐酸地尔硫卓,津日本田边,112.86323013527597,91.49078044891357,73.99119074353935,0.08657401395239772,"{'n_estimators': 100, 'learning_rate': 0.01, 'max_depth': 7, 'subsample': 1.0, 'colsample_bytree': 1.0, 'random_state': 42, 'objective': 'reg:squarederror'}"
注射用盐酸瑞芬太尼,鄂宜昌人福,3014.4196489376436,2321.420450846354,20.169270468686783,0.4635386902496469,"{'n_estimators': 300, 'learning_rate': 0.01, 'max_depth': 3, 'subsample': 0.8, 'colsample_bytree': 1.0, 'random_state': 42, 'objective': 'reg:squarederror'}"
注射用盐酸纳洛酮,重庆莱美,1400.6970356024085,975.8787689208984,51.16246801005586,0.3266237845225254,"{'n_estimators': 300, 'learning_rate': 0.01, 'max_depth': 3, 'subsample': 0.8, 'colsample_bytree': 0.8, 'random_state': 42, 'objective': 'reg:squarederror'}"
注射用硫代硫酸钠,沪新亚药业,199.935683330777,117.58941623899672,74.92458928198921,0.17145379337547373,"{'n_estimators': 200, 'learning_rate': 0.01, 'max_depth': 3, 'subsample': 0.8, 'colsample_bytree': 0.8, 'random_state': 42, 'objective': 'reg:squarederror'}"
